company,website,source_type,source_url,theme,sentiment,evidence_span,confidence,extraction_date,demo_only,maps_to_amplitude
Amplitude,https://amplitude.com,capterra,https://www.capterra.com/p/158741/Amplitude/reviews/,analytics depth + generous free tier,positive,dig very deep into the data,0.85,2026-05-21,yes,
Amplitude,https://amplitude.com,capterra,https://www.capterra.com/p/158741/Amplitude/reviews/,'pretty pricey' for high-traffic low-margin teams,negative,pretty pricey; very expensive,0.85,2026-05-21,yes,Meta-signal: Amplitude's own cost-predictability objection to pre-empt
Amplitude,https://amplitude.com,capterra,https://www.capterra.com/p/158741/Amplitude/reviews/,steep learning curve; hard implementation without analyst,negative,setting up events can be tough,0.85,2026-05-21,yes,
Amplitude,https://amplitude.com,producthunt,https://hunted.space/product/amplitude-guides-and-surveys,Guides & Surveys (Command AI) well-received,positive,364 upvotes and 22 comments,0.6,2026-05-21,no,
Amplitude,https://amplitude.com,reddit,https://posthog.com/blog/best-amplitude-alternatives,PostHog free-for-most-teams used as displacement wedge,mixed,most painful tool switches in B2B,0.55,2026-05-21,no,
Brex,https://brex.com,appstore,https://apps.apple.com/us/app/brex/id1472905508,4.8/5 (8.8K) but reimbursement submit bug / force-quits,mixed,5-6 tries; force quitting the app,0.85,2026-05-21,no,
Brex,https://brex.com,forum,https://www.trustpilot.com/review/brex.com,Trustpilot 3.0/5; sudden account freezes/closures,negative,freeze accounts without prior notice,0.8,2026-05-21,no,
Brex,https://brex.com,g2,https://www.g2.com/products/brex/reviews,ease-of-use; complex for advanced workflows,mixed,ease of use and efficient expense management,0.55,2026-05-21,yes,
Brex,https://brex.com,news,https://receiptor.ai/blog/brex-alternatives-after-the-capital-one-acquisition-2026,post-acquisition uncertainty; teams evaluating Ramp/BILL/Navan,negative,"bank-owned product anxiety; being prudent, not reactive",0.8,2026-05-21,no,Account property + Audience: external_acquisition_uncertainty=high -> CS retention play
Brex,https://brex.com,reddit,https://ramp.com/blog/customers-who-switched-from-brex-to-ramp,switching driven by receipt-matching gaps,negative,nearly 40% of transactions missing receipts,0.5,2026-05-21,no,
Heap,https://heap.io,capterra,https://www.capterra.com/p/147216/Heap/reviews/,high cost / budget barrier,negative,"if you can't afford over $2k/mo, don't bother",0.85,2026-05-21,yes,
Heap,https://heap.io,capterra,https://www.capterra.com/p/147216/Heap/reviews/,"slow support, dated UI",negative,backend UI not smooth; delayed support,0.85,2026-05-21,yes,
Heap,https://heap.io,forum,https://openpanel.dev/compare/heap-alternative,active-domain decline post-acquisition,negative,active domains declined ~28% by mid-2025,0.55,2026-05-21,no,Audiences: displacement/win-target cohort (corroborates Phase-1 Contentsquare technographic detection)
Heap,https://heap.io,g2,https://www.g2.com/products/heap/reviews,auto event-capture loved,positive,automatic event tracking reduces manual instrumentation,0.6,2026-05-21,yes,
Heap,https://heap.io,g2,https://www.g2.com/products/heap/reviews,post-acquisition quality decline,negative,gone downhill since the acquisition; buggy,0.6,2026-05-21,yes,Activation AI / customer-health: churn-risk flag on Heap accounts
Heap,https://heap.io,reddit,https://www.reddit.com/r/ProductManagement/,sentiment drop since Contentsquare deal,negative,extremely buggy and support is meh,0.55,2026-05-21,no,
Intercom,https://intercom.com,forum,https://www.usepylon.com/blog/switch-zendesk-best-alternatives-2026,Zendesk migration eval; not trivial,mixed,historical tickets don't map cleanly; 2-4 wks parallel run,0.7,2026-05-21,no,
Intercom,https://intercom.com,g2,https://www.g2.com/products/intercom/reviews,outcome pricing unpredictable at scale,negative,expenses harder to predict at higher volumes,0.55,2026-05-21,yes,
Intercom,https://intercom.com,news,https://venturebeat.com/,rebrand to Fin; AI agent is now the business,neutral,AI agent is now the business; Intercom 2 is helpdesk,0.6,2026-05-21,no,
Intercom,https://intercom.com,reddit,https://clearfeed.ai/blogs/intercom-pricing,$0.99/resolution sticker shock; 5-8x bill jumps,negative,"bills $1,200 -> $10,000; gets expensive fast",0.65,2026-05-21,no,AI Agent context: answer 'which support-tooling accounts face pricing-model backlash'
Intercom,https://intercom.com,reddit,https://clearfeed.ai/blogs/intercom-pricing,'resolved' attribution distrust,negative,conversation can count as resolved even if unconfirmed,0.6,2026-05-21,no,
Linear,https://linear.app,g2,https://www.g2.com/products/linear/reviews,direct Jira-displacement language,positive,Jira feels clunky; Linear feels more focused,0.55,2026-05-21,yes,Audiences: 'switching from Jira' displacement cohort + win-room evidence
Linear,https://linear.app,g2,https://www.g2.com/products/linear/reviews,GitHub integration is top switch driver,positive,auto-linking saving 5-10 minutes per PR,0.55,2026-05-21,yes,
Linear,https://linear.app,producthunt,https://www.producthunt.com/products/linear,repositioning to 'teams and agents',neutral,product development system for teams and agents,0.85,2026-05-21,no,
Linear,https://linear.app,producthunt,https://www.producthunt.com/products/linear,missing kanban / single-assignee gaps,negative,missing kanban; single task assignment,0.85,2026-05-21,no,
Mixpanel,https://mixpanel.com,capterra,https://www.capterra.com/p/158740/Mixpanel/reviews/,cost escalates past free tier,negative,expensive once exceeding free tier limits,0.85,2026-05-21,yes,
Mixpanel,https://mixpanel.com,g2,https://www.g2.com/products/mixpanel/reviews,add-ons gated on Growth plan,negative,forced to limit event tracking to stay within budget,0.55,2026-05-21,yes,
Mixpanel,https://mixpanel.com,news,https://docs.mixpanel.com/docs/pricing,pricing model change Feb 2026 (event-based),neutral,"switched to event-based pricing, February 2026",0.6,2026-05-21,no,Audiences: live displacement trigger; expansion outreach to Mixpanel accounts at repricing moment
Mixpanel,https://mixpanel.com,producthunt,https://www.producthunt.com/products/mixpanel,'AI era' repositioning,mixed,Product Intelligence built for the AI era,0.85,2026-05-21,no,
Mixpanel,https://mixpanel.com,reddit,https://userpilot.com/blog/mixpanel-vs-amplitude/,event-pricing surprise bills,negative,"expected $20, charged $150 as event volume grew",0.55,2026-05-21,no,
Notion,https://notion.com,capterra,https://www.capterra.com/p/186596/Notion/reviews/,AI intrusiveness annoyance,negative,addition of AI annoying; banner would pop up,0.6,2026-05-21,yes,
Notion,https://notion.com,g2,https://www.g2.com/products/notion/reviews,performance degrades on large/complex DBs,negative,performance may not be so smooth; lag,0.55,2026-05-21,yes,
Notion,https://notion.com,producthunt,https://www.producthunt.com/products/notion,strong launch heritage / community,positive,"Notion 2.0 gained 8,600+ upvotes",0.6,2026-05-21,no,
Notion,https://notion.com,reddit,https://www.reddit.com/r/Notion/,AI moved to Business tier (May 2025); pricing backlash,negative,"this isn't a gift, it's a ransom",0.55,2026-05-21,no,Competitive intel: AI-pricing backlash wedge vs Notion (invisible on notion.com)
Pendo,https://pendo.io,capterra,https://www.capterra.com/p/151951/Pendo-Platform/reviews/,"MAU pricing costly, opaque",negative,MAU model costly at scale; pricing transparency questioned,0.85,2026-05-21,yes,
Pendo,https://pendo.io,capterra,https://www.capterra.com/p/151951/Pendo-Platform/reviews/,months-long learning curve,negative,setup requires months to master,0.85,2026-05-21,yes,
Pendo,https://pendo.io,g2,https://www.g2.com/products/pendo-io-pendo/reviews,consolidated guides + analytics,positive,all-around the better tool; consolidated platform,0.6,2026-05-21,yes,
Pendo,https://pendo.io,reddit,https://productbridge.io/,renewal-time price shock,negative,that Pendo renewal email dropped; price is up again,0.55,2026-05-21,no,Audiences: Pendo renewal-window displacement cohort
Pendo,https://pendo.io,reddit,https://www.google.com/search?q=pendo+pricing+lock-in,enterprise quotes + multi-year lock-in,negative,"~$120,000 annually; mandatory 3-year commitment",0.5,2026-05-21,no,
PostHog,https://posthog.com,forum,https://posthog.com/questions/topic/pricing,usage-based add-on billing swings,mixed,usage-based billing can swing quickly with add-ons,0.5,2026-05-21,no,
PostHog,https://posthog.com,forum,https://posthog.com/blog/best-mixpanel-alternatives,positions as replacing Mixpanel/LD/Hotjar,positive,"replace Mixpanel, LaunchDarkly, and Hotjar",0.55,2026-05-21,no,
PostHog,https://posthog.com,g2,https://www.g2.com/products/posthog/reviews,all-in-one consolidation valued,positive,reduces the need for multiple tools,0.6,2026-05-21,yes,
PostHog,https://posthog.com,producthunt,https://www.producthunt.com/products/posthog/reviews,named consolidation/migration destination,positive,transitioned from Google Analytics seeking more control,0.8,2026-05-21,no,Competitive displacement RISK: PostHog as a churn destination for analytics accounts
PostHog,https://posthog.com,producthunt,https://www.producthunt.com/products/posthog/reviews,learning curve / UI polish,negative,UI polish could improve; learning curve,0.8,2026-05-21,no,
Retool,https://retool.com,capterra,https://www.capterra.com/p/186115/Retool/reviews/,SSO gated behind enterprise; cost pain,negative,SSO gated behind enterprise; struggle with cost,0.6,2026-05-21,yes,
Retool,https://retool.com,forum,https://community.retool.com/t/self-hosting-enterprise-only/64586,self-hosting silently moved to Enterprise-only (Feb 2026),negative,most severe breach of trust ever from Retool,0.85,2026-05-21,no,AI Agent context + Audiences: forum-only churn trigger invisible on retool.com
Retool,https://retool.com,forum,https://community.retool.com/t/self-hosting-enterprise-only/64586,GDPR/data-residency fallout from cloud-only push,negative,can no longer trust the stability of the company,0.85,2026-05-21,no,
Retool,https://retool.com,g2,https://www.g2.com/products/retool/reviews,5x Team->Business price jump,negative,5x price jump from Team to Business,0.55,2026-05-21,yes,
Retool,https://retool.com,g2,https://www.g2.com/products/retool/reviews,proprietary JSON / no code export = lock-in,negative,cannot be exported as portable code,0.55,2026-05-21,yes,
